ID,Name,Glottocode,Glottolog_Name,ISO639P3code,Macroarea,Latitude,Longitude,Family,Authors,DataEntry,Consultants,Representations,alt_names,date
26,Avar (Batlukh dialect),batl1238,Batlux,ava,Eurasia,,,Nakh-Daghestanian,Madzhid Khalilov,Stefan Lange,,CyrillTrans;Phonemic,Avar;Batlukh;Batlux,2014-01-24
27,Avar (Hid dialect),hidd1238,Hid,ava,Eurasia,,,Nakh-Daghestanian,Madzhid Khalilov,Stefan Lange,,CyrillTrans;Phonemic,Avar;Hid,2014-01-24
28,Avar (Andalal dialect),anda1281,Andalal-Gxdatl,ava,Eurasia,,,Nakh-Daghestanian,Madzhid Khalilov,Stefan Lange,,CyrillTrans;Phonemic,Andalal;Avar,2014-01-24
29,Avar (Antsukh dialect),ancu1238,Ancux,ava,Eurasia,,,Nakh-Daghestanian,Madzhid Khalilov,Stefan Lange,,CyrillTrans;Phonemic,Ancux;Antsukh;Avar,2014-01-24
30,Avar (Zakataly dialect),zaka1239,Zakataly,ava,Eurasia,,,Nakh-Daghestanian,Madzhid Khalilov,Stefan Lange,,CyrillTrans;Phonemic,Avar;Char;Zakataly,2014-01-24
31,Avar (Karakh dialect),kara1473,Karax,ava,Eurasia,,,Nakh-Daghestanian,Madzhid Khalilov,Stefan Lange,,CyrillTrans;Phonemic,Avar;Karakh;Karax,2014-01-24
32,Andi,andi1255,Andi,ani,Eurasia,42.8078,46.2919,Nakh-Daghestanian,Madzhid Khalilov,Stefan Lange,,CyrillTrans;Phonemic,Andii;Andiy;Qwannab,2014-01-24
33,Akhvakh (Northern dialect),akhv1239,Akhvakh,akv,Eurasia,42.4003,46.3037,Nakh-Daghestanian,Madzhid Khalilov,Stefan Lange,,CyrillTrans;Phonemic,Akhvakh;Axvax;Northern,2014-01-23
34,Akhvakh (Southern dialect),akhv1239,Akhvakh,akv,Eurasia,42.4003,46.3037,Nakh-Daghestanian,Madzhid Khalilov,Stefan Lange,,CyrillTrans;Phonemic,Akhvakh;Axvax;Southern,2014-01-23
35,Bagvalal,bagv1239,Bagvalal,kva,Eurasia,42.3966,46.1041,Nakh-Daghestanian,Madzhid Khalilov,Stefan Lange,,CyrillTrans;Phonemic,Bagulal;Bagvalin;Bagwalal;Barbalin;Kvanada;Kvanadin,2014-01-24
37,Botlikh,botl1242,Botlikh,bph,Eurasia,42.665,46.22,Nakh-Daghestanian,Madzhid Khalilov,Stefan Lange,,CyrillTrans;Phonemic,Botlix,2014-01-24
38,Godoberi,ghod1238,Godoberi,gdo,Eurasia,42.7428,46.2252,Nakh-Daghestanian,Madzhid Khalilov,Stefan Lange,,CyrillTrans;Phonemic,Ghodoberi;Ghodoberin;Godoberin,2014-01-25
39,Karata,kara1474,Karata-Tukita,kpt,Eurasia,42.6501,46.3151,Nakh-Daghestanian,Madzhid Khalilov,Claudia Schmidt;Stefan Lange,,CyrillTrans;Phonemic,Karatai;Karatin;Kirdi,2014-01-26
40,Karata (Tokitin dialect),toki1238,Tokita,kpt,Eurasia,42.5727,46.3724,Nakh-Daghestanian,Madzhid Khalilov,Stefan Lange,,CyrillTrans;Phonemic,Karata;Karatai;Karatin;Kirdi;Tokita;Tokitin,2014-01-26
41,Khwarshi (Khwarshi dialect),xvar1237,Xvarshi,khv,Eurasia,,,Nakh-Daghestanian,Madzhid Khalilov,Stefan Lange,,CyrillTrans;Phonemic,Khvarsh;Khvarshi;Xvarshi;Xvarshik,2014-01-26
42,Hinuq,hinu1240,Hinuq,gin,Eurasia,42.4502,45.8064,Nakh-Daghestanian,Madzhid Khalilov,Stefan Lange,,CyrillTrans;Phonemic,Ginukh;Ginukhtsy;Ginux;Hinukh;Hinux,2014-01-26
50,Tindi,tind1238,Tindi,tin,Eurasia,42.3316,45.9227,Nakh-Daghestanian,Madzhid Khalilov,Stefan Lange,,CyrillTrans;Phonemic,Tindal;Tindin,2014-01-26
51,Chamalal,cham1309,Chamalal,cji,Eurasia,42.5024,45.995,Nakh-Daghestanian,Madzhid Khalilov,Stefan Lange,,CyrillTrans;Phonemic,Camalal;Chamalin,2014-01-25
52,Hunzib,hunz1247,Hunzib,huz,Eurasia,42.0808,46.1369,Nakh-Daghestanian,Madzhid Khalilov,Stefan Lange,,CyrillTrans;Phonemic,Enzeb;Gunzib;Khunzaly;Xunzal,2014-01-26
54,Khwarshi (Inkhokvari dialect),inxo1238,Inxokvari,khv,Eurasia,,,Nakh-Daghestanian,Madzhid Khalilov,Stefan Lange,,CyrillTrans;Phonemic,Inxokvari;Khvarsh;Khvarshi;Khvarshin;Xvarshi;Xvarshik,2014-01-26
55,Tsez (Sagada dialect),saga1261,Sagadin,ddo,Eurasia,,,Nakh-Daghestanian,Madzhid Khalilov,Stefan Lange,,CyrillTrans;Phonemic,Cez;Dialect;Dido;Didoi;Sagadin;Tsez;Tsezy;Tsuntin,2014-01-26
56,Lak,lakk1252,Lak,lbe,Eurasia,42.1328,47.0809,Nakh-Daghestanian,Madzhid Khalilov,Stefan Lange,,CyrillTrans;Phonemic,Kazikumukhtsy;Laki,2014-01-26
57,Dargwa,darg1241,North-Central Dargwa,dar,Eurasia,42.4257,47.4388,Nakh-Daghestanian,Madzhid Khalilov,Stefan Lange,,CyrillTrans;Phonemic,Dargi;Dargin;Dargintsy;Khiurkilinskii,2014-01-25
58,Dargwa (Itsari dialect),icar1234,Icari,dar,Eurasia,,,Nakh-Daghestanian,Madzhid Khalilov,Stefan Lange,,CyrillTrans;Phonemic,Dargi;Dargin;Dargintsy;Dargwa;Itsari;Khiurkilinskii,2014-01-25
59,Dargwa (Kubachi dialect),kuba1248,Kubachi,dar,Eurasia,42.08504,47.601843,Nakh-Daghestanian,Madzhid Khalilov,Stefan Lange,,CyrillTrans;Phonemic,Dargi;Dargin;Dargintsy;Dargwa;Dialect;Khiurkilinskii;Kubachi;Kubachin;Kubachintsy;Ughbug,2014-01-25
60,Dargwa (Khajdak dialect),kajt1238,Kajtak,dar,Eurasia,42.052428,47.776611,Nakh-Daghestanian,Madzhid Khalilov,Stefan Lange,,CyrillTrans;Phonemic,Dargi;Dargin;Dargintsy;Dargwa;Dialect;Kaitak;Kajtak;Kaytak;Khiurkilinskii;Xajdak,2014-01-25
61,Aghul,aghu1253,Aghul,agx,Eurasia,41.9242,47.5843,Nakh-Daghestanian,Madzhid Khalilov,Stefan Lange,,CyrillTrans;Phonemic,Aghulshuy;Agul;Aguly,2014-01-23
62,Archi (variety 1),arch1244,Archi,aqc,Eurasia,42.3239,46.8267,Nakh-Daghestanian,Madzhid Khalilov,Stefan Lange,,CyrillTrans;Phonemic,Archi;Archin;Archintsy,2014-01-24
63,Budukh,budu1248,Budukh,bdk,Eurasia,41.2272,48.3353,Nakh-Daghestanian,Madzhid Khalilov,Stefan Lange,,CyrillTrans;Phonemic,Budug;Budugi;Buduk;Budux;Bukukhi,2014-01-24
64,Lezgian,lezg1247,Lezgian,lez,Eurasia,41.5157,47.8951,Nakh-Daghestanian,Madzhid Khalilov,Stefan Lange,,CyrillTrans;Phonemic,Kiurinsty;Kiurinty;Lezghi;Lezgi;Lezgin,2014-01-26
65,Lezgi (Mikrakh dialect),lezg1247,Lezgian,lez,Eurasia,41.5157,47.8951,Nakh-Daghestanian,Madzhid Khalilov,Stefan Lange,,CyrillTrans;Phonemic,Dialect;Kiurinsty;Kiurinty;Lezghi;Lezgi;Lezgian;Lezgin;Mikrakh;Mikrax,2014-01-26
66,Rutul,rutu1240,Rutul,rut,Eurasia,41.6187,47.3244,Nakh-Daghestanian,Madzhid Khalilov,Stefan Lange,,CyrillTrans;Phonemic,Chal;Mukhad;Mykhanidy;Rutal;Rutultsy;Rutuly,2014-01-26
67,Tabasaran (Northern dialect Khanag subdialect),taba1259,Tabasaran,tab,Eurasia,42.0198,47.8379,Nakh-Daghestanian,Madzhid Khalilov,Stefan Lange,,CyrillTrans;Phonemic,Dialect;Ghumghum;Khanag;North;Tabasaran;Tabasarantsy;Tabassaran,2014-01-26
68,Tabasaran (Southern dialect),sout2752,South Tabasaran,tab,Eurasia,,,Nakh-Daghestanian,Madzhid Khalilov,Stefan Lange,,CyrillTrans;Phonemic,Dialect;Ghumghum;South;Tabasaran;Tabasarantsy;Tabassaran,2014-01-26
69,Khinalug,khin1240,Khinalug,kjj,Eurasia,41.1801,48.0571,Nakh-Daghestanian,Madzhid Khalilov,Stefan Lange,,CyrillTrans;Phonemic,Khinalugh;Khinalugi;Xinalug,2014-01-26
70,Tsakhur,tsak1249,Tsakhur,tkr,Eurasia,41.5916,46.8858,Nakh-Daghestanian,Madzhid Khalilov,Stefan Lange,,CyrillTrans;Phonemic,Caxur;Sakhur;Tsakhury;Tsaxur,2014-01-26
71,Azerbaijani,nort2697,North Azerbaijani,azj,Eurasia,40.9777,46.4737,Turkic,Madzhid Khalilov,Stefan Lange,,CyrillTrans;Phonemic,Azerbaijan;Azerbaydzhani;Azeri;Torki;Turk,2014-01-24
72,Kumyk,kumy1244,Kumyk,kum,Eurasia,43.0,47.0,Turkic,Madzhid Khalilov,Stefan Lange,,CyrillTrans;Phonemic,Kumuk;Kumuklar;Kumyki,2014-01-26
73,Nogai,noga1249,Nogai,nog,Eurasia,43.5917,46.6618,Turkic,Madzhid Khalilov,Stefan Lange,,CyrillTrans;Phonemic,Nogaitsy;Nogalar;Nogay;Noghai;Noghay;Noghaylar,2014-01-26
74,Judeo-Tat,jude1256,Judeo-Tat,jdt,Eurasia,42.068306,48.264749,Indo-European,Madzhid Khalilov,Stefan Lange,,CyrillTrans;Phonemic,Bik;Dzhuhuric;Jewish;Judeo-Tatic;Juhuri;Juwri;Tat;Tats,2014-01-26
75,Chechen,chec1245,Chechen,che,Eurasia,43.5,45.5,Nakh-Daghestanian,Madzhid Khalilov,Stefan Lange,,CyrillTrans;Phonemic,Galancho;Muott;Nokchiin;Nokhchiin,2014-01-25
80,Udi,udii1243,Udi,udi,Eurasia,40.9,47.7236,Nakh-Daghestanian,Madzhid Khalilov,Stefan Lange,,CyrillTrans;Phonemic,Udin;Uti,2014-01-26
81,Avar (Kusur dialect),avar1256,Avar,ava,Eurasia,41.7047,46.558,Nakh-Daghestanian,Madzhid Khalilov,Stefan Lange,,CyrillTrans;Phonemic,Avar;Kusur,2014-01-24
107,Avar,avar1256,Avar,ava,Eurasia,41.7047,46.558,Nakh-Daghestanian,Madzhid Khalilov,Claudia Schmidt;Hagen Jung;Stefan Lange,,CyrillTrans;Phonemic,Avaro;Dagestani,2014-01-24
126,Erzya Mordvin,erzy1239,Erzya,myv,Eurasia,52.8548,45.3901,Uralic,Olga Erina,Piret Klesment,,Phonemic,Eriza;Eryza;Erza;Mordvin;Mordvin-Erzya,2007-09-27
127,Estonian,esto1258,Estonian,est,Eurasia,58.55,25.82,Uralic,Margit Kuusk;Ago Künnap;Leon Cosgrove,Leon Cosgrove;Iris Audova,,Phonemic;StandOrth,Eesti;Viro,2021-08-23
128,Finnish,finn1318,Finnish,fin,Eurasia,64.7628,25.5577,Uralic,Margit Kuusk,Piret Klesment,Anja  Pihlajaniemi,Phonemic,Suomea;Suomi,2007-09-27
131,Hungarian,hung1274,Hungarian,hun,Eurasia,46.9068585714,19.6555271429,Uralic,Péter Pomozi;Sirje Volmre,Iris Audova,,Standard;Phonemic,Magyar,2007-09-27
135,Khanty,khan1273,Kazym-Berezover-Suryskarer Khanty,kca,Eurasia,62.4308,66.1218,Uralic,Nataliya Kochkareva;Nina Lyskova,Piret Klesment,,Phonemic,Hanty;Khanti;Obdorski;Ostjak;Ostyak;Xanty,2007-09-27
139,Komi,komi1268,Komi-Zyrian,kpv,Eurasia,64.0527,54.946,Uralic,Adolf Turkin,Piret Klesment,,Phonemic,,2007-09-27
143,Northern Saami,nort2671,North Saami,sme,Eurasia,68.725,22.1113,Uralic,Axel Jagau;Kulle Kallavus,Iris Audova,Pekka Sammallahti,Phonemic,Davvin;Lapp;Lappish;North;Northern;Norwegian;Ruija;Saame;Saami;Same;Samic,2007-09-27
146,Mansi,mans1258,Northern Mansi,mns,Eurasia,64.4118,61.344,Uralic,Nina Lyskova,Iris Audova,,Phonemic,Mansiy;Vogul;Vogulich;Voguly,2007-09-27
147,Mari,east2328,Eastern Mari,mhr,Eurasia,55.8307,48.405,Uralic,Inna Timiryaeva,Iris Audova,,Phonemic,Cheremis,2007-09-27
148,Nenets,nene1249,Tundra Nenets,yrk,Eurasia,66.1775,71.0234,Uralic,Mariya Barmich,Piret Klesment,,Phonemic,Nenec;Nenetsy;Nentse;Samoyed;Yurak,2007-09-27
151,Selkup,selk1253,Selkup,sel,Eurasia,59.9409,82.3004,Uralic,Arkadiy I. Gashilov,Piret Klesment,,Phonemic,Ostyak;Samoyed;Sel'kup,2007-09-27
159,Udmurt,udmu1245,Udmurt,udm,Eurasia,56.12921,52.63548,Uralic,Lyudmila Karpova,Iris Audova,,Phonemic,Votiak;Votyak,2007-09-27
160,Bezhta,bezh1248,Bezhta,kap,Eurasia,42.1206,46.0332,Nakh-Daghestanian,Madzhid Khalilov,Stefan Lange,,CyrillTrans;Phonemic,Bechitin;Bexita;Bezheta;Bezhita;Bezhti;Kapuch;Kapucha;Kapuchin;Kupuca,2014-01-24
162,Tsez (Mokok dialect),dido1241,Tsez,ddo,Eurasia,42.2646,45.8096,Nakh-Daghestanian,Madzhid Khalilov,Stefan Lange,,CyrillTrans;Phonemic,Cez;Dialect;Dido;Didoi;Mokok;Tsez;Tsezy;Tsuntin,2014-01-26
164,Dargwa (Muiri dialect),darg1241,North-Central Dargwa,dar,Eurasia,42.4257,47.4388,Nakh-Daghestanian,Madzhid Khalilov,Stefan Lange,,CyrillTrans;Phonemic,Dargwa;Dialect;Muiri,2014-01-25
165,Lezgian (Quba dialect),quba1246,Quba (Lezgian),lez,Eurasia,,,Nakh-Daghestanian,Madzhid Khalilov,Stefan Lange,,CyrillTrans;Phonemic,Dialect;Kuba;Lezgi,2014-01-26
166,Azerbaijani (Terekeme dialect),nort2697,North Azerbaijani,azj,Eurasia,40.9777,46.4737,Turkic,Madzhid Khalilov,Stefan Lange,,CyrillTrans;Phonemic,Azerbaijan;Dialect;Terekeme,2014-01-24
167,Ancient Greek,anci1242,Ancient Greek,grc,Eurasia,39.8155,21.9129,Indo-European,Fotis A. Kavoukopoulos,Mary Ritchie Key,,LatinTrans,"Classical Greek;Greek;Greek (Ancient);Greek, Ancient",2007-07-18
168,Modern Greek,mode1248,Modern Greek,ell,Eurasia,38.36,23.13,Indo-European,Maria Tsigou,Mary Ritchie Key,,LatinTrans,"Ellinika;Graecae;Grec;Greco;Greek;Greek (Modern);Greek, Modern;Neo-Hellenic",2007-07-18
169,Latin,lati1261,Latin,lat,Eurasia,41.9026,12.4502,Indo-European,Philip Baldi,Mary Ritchie Key;Mackayla Infante-Wong,,StandardOrth,Latina,2007-07-20
170,Italian,ital1282,Italian,ita,Eurasia,43.0464,12.6489,Indo-European,Martin Maiden,Mary Ritchie Key,,StandardOrth,Italiano,2007-07-20
171,French,stan1290,French,fra,Eurasia,48.0,2.0,Indo-European,various,Mary Ritchie Key,,StandardOrth,Français,2007-07-20
172,Panare,enap1235,Panare,pbh,South America,6.95035,-65.8483,Cariban,Jana Price,Mary Ritchie Key,,Phonemic,Abira;Eye;Eñepa;Panari,2007-08-30
173,Macushi,macu1259,Macushi,mbc,South America,4.31861,-60.2209,Cariban,Miriam Abbott;Patrick Foster,Mary Ritchie Key,,Phonemic,Macusi;Makushi;Makusi;Makuxi;Teueia;Teweya,2007-08-30
174,De'kwana,maqu1238,Ye'kwana,mch,South America,4.70705,-64.3877,Cariban,Katherine Hall,Mary Ritchie Key,,Phonemic,Carib (De'kwana);Cunuana;De'cuana;De'kwana Carib;Maiongong;Maquiritai;Maquiritare;Maquiritari;Pawana;Soto;Ye'cuana;Yekuana,2007-08-30
175,Wai Wai,waiw1244,Waiwai,waw,South America,1.50881,-59.1417,Cariban,Robert E. Hawkins,Mary Ritchie Key,,Phonemic,Ouayeone;Uaieue;Uaiuai;Waiwai,2007-08-30
176,Spanish,stan1288,Spanish,spa,Eurasia,40.4414,-1.11788,Indo-European,Joan Rafel;various,Mary Ritchie Key,,Phonemic,Castellano;Castilian;Español,2007-08-31
177,Catalan,stan1289,Catalan,cat,Eurasia,41.453,1.569,Indo-European,Joan Rafel,Mary Ritchie Key,Native speaker,StandardOrth,Bacavès;Catalonian;Català;Catalán,2007-08-31
178,Portuguese,port1283,Portuguese,por,Eurasia,39.91,-8.1,Indo-European,various,Mary Ritchie Key,,StandardOrth,Português,2007-08-31
179,Romanian,roma1327,Romanian,ron,Eurasia,46.3913,24.2256,Indo-European,Maria Manoliu-Manea,Mackayla Infante-Wong,,StandardOrth,Daco-Rumanian;Rumanian,2007-09-12
180,Old Irish,oldi1245,Early Irish,sga,Eurasia,53.0,-8.0,Indo-European,Mary Ritchie Key,Jessica Ellis,,StandardOrth,Irish (Old),2007-09-12
181,Irish,iris1253,Irish,gle,Eurasia,53.2186,-7.61509,Indo-European,Cathal Doherty,Jessica Ellis;Cathal Doherty,,StandardOrth,Erse;Gaeilge;Gaelic,2007-09-12
182,Welsh,wels1247,Welsh,cym,Eurasia,52.0,-4.0,Indo-European,Andrew Hawke,Mary Ritchie Key;Mackayla Infante-Wong,,StandardOrth,Cymraeg,2007-09-20
183,Breton,bret1244,Breton,bre,Eurasia,48.2452,-3.78934,Indo-European,Jean Le Dû,Jessica Ellis;Mary Ritchie Key,,Phonemic,Brezhoneg,2007-09-20
184,Gothic,goth1244,Gothic,got,Eurasia,46.9304,29.9786,Indo-European,Winfred P. Lehmann,Susan Chapman,Winfred P. Lehmann,StandardOrth,Gotisch,2007-09-20
185,Old Norse,oldn1244,Old Norse,non,Eurasia,63.42,10.38,Indo-European,Olaf Jansen Westvik,Mackayla Infante-Wong,,StandardOrth,Norse (Old),2007-09-20
186,Danish,dani1285,Danish,dan,Eurasia,54.8655,9.36284,Indo-European,W. W. Schuhmacher,Mary Ritchie Key,,StandardOrth,Dansk,2007-09-20
187,Swedish,swed1254,Swedish,swe,Eurasia,59.800634,17.389526,Indo-European,Erik V. Gunnemark;Laila Kollmann,Mackayla Infante-Wong,Jan-Åke Alvarsson,StandardOrth,Ruotsi;Svenska,2007-09-20
188,Old English,olde1238,Old English (ca. 450-1100),ang,Eurasia,51.06,-1.31,Indo-European,Christopher M. Kuipers,Mackayla Infante-Wong;Christopher M. Kuipers,,StandardOrth,English (Old),2007-09-20
189,Middle English,midd1317,Middle English,enm,Eurasia,51.65,-1.11,Indo-European,Mona Logarbo,Mackayla Infante-Wong,,StandardOrth,English (Middle),2007-09-20
190,English,stan1293,English,eng,Eurasia,53.0,-1.0,Indo-European,various,Stephan Schuetze-Coburn,,StandardOrth,,2007-09-20
191,Dutch,dutc1256,Dutch,nld,Eurasia,52.0,5.0,Indo-European,Bernard Bichakjian;Hendrikje Hettema,Jessica Ellis,,StandardOrth,Hollands;Nederlands,2007-09-20
192,Old High German,oldh1241,Old High German (ca. 750-1050),goh,Eurasia,52.0,10.0,Indo-European,Vincent Miller,Vincent Miller;Mackayla Infante-Wong,,StandardOrth,German (Old High),2007-09-20
193,Middle High German,midd1343,Middle High German,gmh,Eurasia,48.254,10.599,Indo-European,William C. Crossgrove,Mackayla Infante-Wong;William C. Crossgrove,,StandardOrth,German (Middle High),2007-09-20
194,German,stan1295,German,deu,Eurasia,48.649,12.4676,Indo-European,Meredith Lee,Mary Ritchie Key,,StandardOrth,Deutsch,2014-01-25
195,Yiddish,east2295,Eastern Yiddish,ydd,Eurasia,51.75,19.42,Indo-European,Paul Glasser,Mackayla Infante-Wong,,Phonemic,Jiddisch;Judeo-German,2007-09-20
196,Lithuanian,lith1251,Lithuanian,lit,Eurasia,55.1429,23.9601,Indo-European,Ramutė Plioplys,Mackayla Infante-Wong,S. J. Juozas Vaišnys;Sigita Plioplys;Kazimieras Plečkaitis;William R. Schmalsteig,StandardOrthTone,Lietuvi;Lietuviskai;Litauische;Litewski;Litovskiy,2007-09-20
197,Latvian,latv1249,Latvian,lav,Eurasia,56.826108,24.309118,Indo-European,Juris Cibuļs,Mary Ritchie Key,,StandardOrth,Lettish,2007-09-20
198,Old Prussian,prus1238,Old Prussian,prg,Eurasia,52.394,14.757,Indo-European,William R. Schmalstieg,William R. Schmalstieg,,StandardOrth,Prussian (Old),2007-09-20
199,Old Church Slavonic,chur1257,Church Slavic,chu,Eurasia,43.7171,22.8442,Indo-European,Mary Ritchie Key,Mary Ritchie Key,,Phonemic,Old Church Slavic;Slavic (Old Church);Slavonic (Old Church),2007-09-20
200,Bulgarian,bulg1262,Bulgarian,bul,Eurasia,43.3646,25.047,Indo-European,Cynthia Vakareliyska;Kevork Horissian,Mary Ritchie Key,,Phonemic,Balgarski,2007-09-20
201,Serbo-Croatian,sout1528,Serbian-Croatian-Bosnian,,Eurasia,44.15,18.81,Indo-European,Andrew R. Corin,Mackayla D. Infante-Wong,,Phonemic,Croatian;Serbian,2007-09-20
202,Czech,czec1258,Czech,ces,Eurasia,49.873398,15.10437,Indo-European,Václav Blažek,Mackayla Infante-Wong,,StandardOrth,Cesky;Česky,2007-09-20
203,Polish,poli1260,Polish,pol,Eurasia,51.8439,18.6255,Indo-European,Stanisław Puppel,Mary Ritchie Key;Mackayla Infante-Wong,,StandardOrth,Polski,2007-09-20
204,Russian,russ1263,Russian,rus,Eurasia,59.0,50.0,Indo-European,Jules F. Levin,Mackayla Infante-Wong,,Phonemic,,2007-09-20
205,Albanian (Tosk variety),tosk1239,Northern Tosk Albanian,als,Eurasia,41.0,20.0,Indo-European,Leonard Newmark,Mary Ritchie Key,,Phonemic,Albanian;Shqip;Shqiperë;Tosk,2007-09-20
206,Armenian (Eastern variety),nucl1235,Eastern Armenian,hye,Eurasia,40.0,45.0,Indo-European,Dora Sakayan,Dora Sakayan,Amalia Khatchatrian,Phonemic,Armenian Eastern;Հայերէն լեզու Hajeren lesu,2007-09-20
207,Armenian (Western variety),homs1234,Western Armenian,hye,Eurasia,40.1897,44.4839,Indo-European,Dora Sakayan,Dora Sakayan,Amalia Khatchatrian,Phonemic,Armenian Western;Հայերէն լեզու Hajeren lesu,2007-09-20
208,Hittite,hitt1242,Hittite,hit,Eurasia,40.0,35.0,Indo-European,Carol F. Justus,Carol F. Justus,,LatinTrans,Nesili;Nesite,2007-09-20
209,Tocharian A,tokh1242,Tokharian A,xto,Eurasia,42.98,89.18,Indo-European,Douglas Q. Adams,Mary Ritchie Key;Mackayla Infante-Wong,,Phonemic,Tocharian;Tokharian,2007-09-27
210,Tocharian B,tokh1243,Tokharian B,txb,Eurasia,41.65,82.9,Indo-European,Douglas Q. Adams,Mary Ritchie Key;Mackayla Infante-Wong,,Phonemic,Tocharian;Tokharian,2007-09-27
211,Sanskrit,sans1269,Sanskrit,san,Eurasia,20.0,77.0,Indo-European,James A. Santucci,James A. Santucci,,LatinTrans,saṃskṛtam;संस्कृतम्,2007-09-27
212,Romani,vlax1238,Vlax Romani,rmy,Eurasia,46.09,18.16,Indo-European,Donald Kenrick,Mackayla D. Infante-Wong,,Phonemic,Romany;Tsigene;Vlax;rromani ćhib,2007-09-27
213,Avestan,aves1237,Avestan,ave,Eurasia,34.217,62.112,Indo-European,Mary Ritchie Key,Mary Ritchie Key,,Phonemic,Avesta;Pazend,2007-09-27
214,Persian,west2369,Western Farsi,pes,Eurasia,32.9,53.3,Indo-European,John R. Perry,Mary Ritchie Key,Herbert H. Paper,Phonemic,Farsi,2007-09-27
215,Ancient Aramaic,olda1245,Old Aramaic-Sam'alian,oar,Eurasia,32.84,37.0,Afro-Asiatic,Stephen A. Kaufman,Stephen A. Kaufman,Comprehensive Aramaic Lexicon data files,Phonemic,Aramaic (Ancient),2007-10-25
216,Elamite,elam1244,Elamite,elx,Eurasia,31.1833,48.2333,Elamite,Václav Blazek,Mary Ritchie Key,,Phonemic,,2007-10-25
217,Negerhollands,nege1244,Negerhollands,dcr,North America,18.3416,-64.8922,Indo-European,Robin Sabino,Robin Sabino,Mrs. Alice Stevens,Phonemic,Dutch Creole,2007-10-25
218,Jamaican Creole (Limonese Creole dialect),jama1262,Jamaican Creole English,jam,North America,18.13,-77.2612,Indo-European,Anita Hertzfeld;Franklin Perry,Robin Sabino,,Phonemic,Limonese Creole;Limón Creole English;Mekatelyu,2007-10-25
219,Basque,basq1248,Basque,eus,Eurasia,43.2787,-1.31622,Basque,Jean-Baptiste Coyos,Mary Ritchie Key,Etchebarne-Harrixuri family;Etchebarne Battitta family;Estécahandy-Halbide family;Mrs. Coyos (mother of J.-B. Coyos),Phonemic,Euskera;Vascuense,2007-10-25
220,Hausa,haus1257,Hausa,hau,Africa,11.1513,8.7804,Afro-Asiatic,Ronald Cosper,George B. Loveridge;Hilary Young,Garba Mohammed Gital,Phonemic,Abakwariga;Habe;Haoussa;Hausawa;Kado;Mgbakpa,2007-10-25
221,Polci,polc1243,Polci,plj,Africa,10.0258,9.53362,Afro-Asiatic,Ronald Cosper,George B. Loveridge;Hilary Young,Musa Waje;Abdu Sabo,Phonemic,Palchi;Palci;Polchi,2007-10-25
222,Nahuatl (Sierra de Zacapoaxtla variety),high1278,Highland Puebla Nahuatl,azz,North America,20.1554,-97.5556,Uto-Aztecan,Mary Ritchie Key,Mary Ritchie Key,Field work: 1948-1955,Phonemic,"Aztec Zacapoaxtla;Nahuatl, Highland Puebla;Náhuat de la Sierra de Puebla;Sierra Aztec;Zacapoaxtla Náhuat",2007-10-25
223,Chatino (Zacatepec variety),zaca1242,Zacatepec Chatino,ctz,North America,16.08,-97.3069,Otomanguean,Leslie G. Pride and Kitty Pride,Mary Ritchie Key,,Phonemic,"Chatino de San Marcos Zacatepec;Chatino, Zacatepec",2007-10-25
224,Karok,karo1304,Karok,kyh,North America,41.8228,-123.315,Karok,William Bright,Iris Audova;Piret Klesment,,Phonemic,Karuk,2007-10-29
225,Seri,seri1257,Seri,sei,North America,28.9877,-112.384,Seri,Stephen A. Marlett;Mary B. Moser,Mary Ritchie Key,"Summer Institute of Linguistics, University of North Dakota",Phonemic,,2007-10-29
226,Zuni,zuni1245,Zuni,zun,North America,35.0056,-108.782,Zuni,Willard Walker,Iris Audova;Piret Klesment,Lynn Nichols 1992,Phonemic,Shiwi'ma;Zuñi,2007-10-29
227,Northern Haida,nort2938,Northern Haida,hdn,North America,54.004532,-132.079257,Haida,John Campbell,Mary Ritchie Key,JRS = Swanton,Phonemic,Haida Northern;Masset,2007-10-29
228,Tlingit,tlin1245,Tlingit,tli,North America,59.4447,-135.29,Athabaskan-Eyak-Tlingit,Mary Ritchie Key,Mary Ritchie Key,,Phonemic,Thlinget;Tlinkit,2007-10-29
229,Tsimshian,nucl1649,Southern-Coastal Tsimshian,tsi,North America,52.59103,-128.544545,Tsimshian,Mary Ritchie Key,Mary Ritchie Key,,Phonemic,Chimmezyan;Coast Tsimshian;Sm'algyax;Tsimshean;Tsimshian (Coast);Zimshian,2007-10-30
230,Nuu-chah-nulth,nuuc1236,Nuu-chah-nulth,nuk,North America,49.67,-126.67,Wakashan,Mary Ritchie Key,Mary Ritchie Key,,Phonemic,Nootka;Nutka;Nuuchahnulth,2007-10-30
231,Bella Coola,bell1243,Bella Coola,blc,North America,52.3448,-126.689,Salishan,Mary Ritchie Key,Mary Ritchie Key,,Phonemic,Nuxalk,2007-10-30
232,Upper Chehalis,uppe1439,Upper Chehalis,cjh,North America,46.7981,-123.169,Salishan,Mary Ritchie Key,Mary Ritchie Key,,Phonemic,Chehalis Upper;Kwaiailk,2007-10-30
233,Proto Austronesian,aust1307,Austronesian,,,,,Austronesian,Mary Ritchie Key,Mary Ritchie Key,"References given in Key, Mary Ritchie 1984",Phonemic,,2007-10-30
234,Proto Polynesian,poly1242,Polynesian,,,,,Austronesian,Mary Ritchie Key,Mary Ritchie Key,"References given in Key, Mary Ritchie 1984",Phonemic,,2007-10-30
235,Hawaiian,hawa1245,Hawaiian,haw,Papunesia,19.6297,-155.43,Austronesian,Mary Ritchie Key,Mary Ritchie Key,,Phonemic,'Olelo Hawai'i Makuahine;Olelo Hawai'i,2007-10-30
236,Maori,maor1246,Maori,mri,Papunesia,-38.2881,176.541,Austronesian,Mary Ritchie Key,Mary Ritchie Key,,Phonemic,New Zealand Maori,2007-10-30
237,Marquesan,sout2866,South Marquesan,mqm,Papunesia,-9.75663,-138.979,Austronesian,Mary Ritchie Key,Mary Ritchie Key,,Phonemic,,2007-10-30
238,Rapa Nui,rapa1244,Rapanui,rap,Papunesia,-27.113,-109.342,Austronesian,Robert L. Weber;Mary Ritchie Key;Nancy L. Weber,Jessica Ellis;Mary Ritchie Key,,Phonemic;Phonemic (vars),Pascuense,2007-10-31
239,Rotuman,rotu1241,Rotuman,rtm,Papunesia,-12.5008,177.066,Austronesian,Mary Ritchie Key,Mary Ritchie Key,,Phonemic,Rotuna;Rutuman,2007-10-30
240,Tongan,tong1325,Tonga (Tonga Islands),ton,Papunesia,-21.17,-175.25,Austronesian,Mary Ritchie Key,Mary Ritchie Key,,Phonemic,Tonga,2007-10-30
241,Tuamotuan,tuam1242,Tuamotuan,pmt,Papunesia,-16.17259,-146.321755,Austronesian,various,Mary Ritchie Key,,Phonemic,Pa'umotu,2007-10-30
242,Barí,bari1297,Barí,mot,South America,9.08497,-72.9353,Chibchan,Roberto Lizarralde (Venezuelan dialect);Manuel Lizarralde (Venezuelan dialect);Frank Morgan (Colombian  dialect),Mary Ritchie Key,,Phonemic,Bari;Motilone;Motilón;Motilón (Chibchan),2007-10-30
243,Muisca,chib1270,Chibcha,chb,South America,6.24999,-74.1666,Chibchan,María Stella González de Pérez,Mary Ritchie Key,,LatinTrans;Phonemic,Chibcha;Mosca,2007-10-30
244,Páez,paez1247,Páez,pbb,South America,2.61516,-76.31254,Páez,Florence L. Gerdel,Mary Ritchie Key,,Phonemic,Nasa Yuwe;Paez,2007-10-30
245,Cayapa,chac1249,Cha'palaa,cbi,South America,0.71489,-79.0508,Barbacoan,Ruth Wiebe;Neil Wiebe,Mary Ritchie Key,Santiago Añapa;Raúl Añapa,Phonemic,Cha' Palaachi;Chachi,2007-10-30
246,Colorado,colo1256,Tsafiki,cof,South America,-0.21181,-79.2347,Barbacoan,Bruce R. Moore,Mary Ritchie Key,,Phonemic,Tsachila;Tsafiki,2007-10-30
247,Embera,nort2972,Northern Emberá,emp,South America,7.12761,-77.574,Chocoan,Mauricio Pardo Rojas,Mary Ritchie Key,,Phonemic,Atrato;Cholo;Darien;Ebera Bedea;Eerã;Emberá;Emberá Northern;Empera,2007-10-30
248,Epena,epen1239,Epena,sja,South America,4.25877,-77.3566,Chocoan,Phillip Lee Harms;Eladio Quiro Dura,Mary Ritchie Key,,Phonemic,Cholo;Embera-Saija;Emberá-Saija;Epena Pedee;Epená;Epéna Pedée;Saija;Southern Embera;Southern Empera,2007-10-30
249,Puinave,puin1248,Puinave,pui,South America,3.92974,-67.6886,Puinave,Larry A. Richardson,Mary Ritchie Key,,Phonemic,Puinabe,2007-10-30
250,Yuwana,yuwa1244,Hoti,yau,South America,5.63879,-65.4267,Hoti,Sue Rodman;David Rodman,Mary Ritchie Key,Rodmans' field notes,Phonemic,Chicano;Chikano;Hoti;Jodi;Joti;Jotí;Waruwaru;Yoana;Yuana,2007-10-30
251,Yaruro,pume1238,Pumé,yae,South America,7.10677,-67.5996,Pumé,Teresa Ann Dyck;Merrill Dyck,Mary Ritchie Key,,Phonemic,Llaruro;Pume;Pumé;Yaruru;Yuapín,2007-10-30
252,Ninam (Shirishana variety),nina1238,Ninam,shb,South America,4.03894,-62.7801,Yanomamic,Carole Swain,Mary Ritchie Key,,Phonemic,Crichana;Jawaperi;Jawari;Kasrapai;Ninam;Shiriana;Shirishana;Xirianá;Yanam,2007-10-30
253,Yanomámi,yano1262,Yanomám,wca,South America,2.48999,-62.8522,Yanomamic,Jacques Lizot,Mary Ritchie Key,,Phonemic,Parahuri;Surara;Waicá;Waiká;Xurima;Yanoam;Yanomam;Yanomame;Yanomami;Yanomamé;Yanomamí,2007-10-30
254,Cofán,cofa1242,Cofán,con,South America,0.276675,-77.0643,Cofán,M. Bub Borman,Mary Ritchie Key,Field notes,Phonemic,A'i;A'ingae;Cofan;Kofan;Kofane;Kofán,2007-10-30
255,Waorani,waor1240,Waorani,auc,South America,-1.12312,-76.683,Waorani,M. Catherine Peeke,Mary Ritchie Key,,Phonemic,Huao;Huaorani;Sabela;Waodani,2007-10-30
256,Siona,sion1247,Siona-Tetete,snn,South America,0.31733,-76.0237,Tucanoan,Mary Ritchie Key,Mary Ritchie Key,,Phonemic,Pioche-Sioni;Pioje;Sioni,2007-10-30
257,Tuyuca,tuyu1244,Tuyuca,tue,South America,0.39441,-70.043515,Tucanoan,Janet Barnes,Mary Ritchie Key,,Phonemic,Dochkafuara;Tejuca;Tuyuka,2007-10-30
258,Aguaruna,agua1253,Aguaruna,agr,South America,-5.30044,-77.9218,Chicham,Gerardo Wipio Deicat,Mary Ritchie Key,,Phonemic,Aguajun;Ahuajun,2007-10-30
260,Yagua,yagu1244,Yagua,yad,South America,-3.42913,-72.2186,Peba-Yagua,Esther Powlison;Paul S. Powlison,Mary Ritchie Key,,Phonemic,Llagua;Nijyamïï Nikyejaada;Yahua;Yava;Yegua,2007-10-30
261,Baure,baur1253,Baure,brg,South America,-13.61,-63.68,Arawakan,Mary Ritchie Key,Mary Ritchie Key,,Phonemic,,2007-10-30
262,Goajiro,wayu1243,Wayuu,guc,South America,11.395566,-72.199791,Arawakan,Jesús Olza Zubiri;Miguel Angel Jusayú;José Alvarez (commentary),Mary Ritchie Key,,Phonemic,Guajira;Guajiro;Wayuu,2007-10-30
263,Ignaciano,igna1246,Ignaciano,ign,South America,-15.1188,-65.3993,Arawakan,Mary Ritchie Key;Mary Ritchie Key,Mary Ritchie Key;Mary Ritchie Key,"Ott's material, and Ott correspondence",Phonemic,Mojo;Mojos;Moxo;Moxos,2007-10-30
264,Mashco Piro,mash1270,Mashco Piro,cuj,South America,-11.4745,-70.7953,Arawakan,Mary Ritchie Key,Mary Ritchie Key,,Phonemic,Cujareno;Cujareño,2007-10-30
265,Trinitario,trin1274,Trinitario-Javeriano-Loretano,trn,South America,-15.3331,-65.4096,Arawakan,Wayne Gill;Ruth Gill,Mary Ritchie Key,,Phonemic,Mojos;Moxos,2007-10-30
266,Wapishana,wapi1253,Wapishana,wap,South America,2.58744,-59.8021,Arawakan,Frances V. Tracy;Colette Melville;Olive Williams,Mary Ritchie Key,,Phonemic,Uapixana;Vapidiana;Wapichan;Wapichana;Wapisana;Wapishshiana;Wapisiana;Wapitxana;Wapixana,2007-10-30
267,Waurá,waur1244,Waurá,wau,South America,-13.296,-53.6971,Arawakan,Joan Richards,Mary Ritchie Key,,Phonemic,Aura;Uaura;Waura,2007-10-30
268,Yavitero,yavi1244,Yavitero-Pareni,yvt,South America,2.924844,-67.438886,Arawakan,Mary Ritchie Key,Mary Ritchie Key,Jorge Carlos Mosonyi,Phonemic,Paraene,2007-10-30
269,Aymara,cent2142,Central Aymara,ayr,South America,-17.0,-68.5,Aymaran,Félix Layme Pairumani,Mary Ritchie Key,,Phonemic,Aymara Central,2007-10-30
270,Chipaya,chip1262,Chipaya,cap,South America,-18.73951,-67.89633,Uru-Chipaya,Frances Olson;Ronald D. Olson,Mary Ritchie Key,,Phonemic,Puquina,2007-10-30
271,Mosetén,mose1249,Mosetén-Chimané,cas,South America,-14.64448,-67.83756,Mosetén-Chimané,Andrés A. Pérez Diez,Mary Ritchie Key,,Phonemic,Chimane;Chimané;Moseten;Tsimane;Tsimané,2007-10-30
272,Araona,arao1248,Araona,aro,South America,-12.4242,-67.7293,Pano-Tacanan,Mary Ritchie Key,Mary Ritchie Key,Donald Pitman;Mary Pitman,Phonemic,Cavina,2007-10-30
273,Cavineña,cavi1250,Cavineña,cav,South America,-13.3544,-66.6277,Pano-Tacanan,Mary Ritchie Key,Mary Ritchie Key,,Phonemic,Cavinena,2007-10-30
274,Ese Ejja,esee1248,Ese Ejja,ese,South America,-11.7268,-67.515,Pano-Tacanan,Mary Ritchie Key,Mary Ritchie Key,,Phonemic,Ese Eja;Ese Exa;Huarayo;Tiatinagua,2007-10-30
275,Ese Ejja (Huarayo),esee1248,Ese Ejja,ese,South America,-11.7268,-67.515,Pano-Tacanan,María Clotilde Chavarría Mendoza,Mary Ritchie Key,,Phonemic,Ese Eja;Ese Ejja Huarayo;Ese Exa;Ese ʔexa;Eseʔexa;Tiatinagua,2007-10-30
276,Tacana,taca1256,Tacana,tna,South America,-13.39249,-68.04056,Pano-Tacanan,Mary Ritchie Key,Mary Ritchie Key,,Phonemic,Takana,2007-10-30
277,Cashibo,cash1251,Cashibo-Cacataibo,cbr,South America,-8.70232,-75.4206,Pano-Tacanan,Mary Ritchie Key;R. Michael Tugwell,R. Michael Tugwell;Mary Ritchie Key,,Phonemic,Cacataibo;Cachibo;Cacibo;Cahivo;Cashibo-Cacataibo;Caxibo;Hagueti;Managua,2007-10-30
278,Catuquina,pano1254,Panoan Katukína,knt,South America,-7.97456,-71.56151,Pano-Tacanan,"Gerald Raymond Kennell, Jr.",Mary Ritchie Key,,Phonemic,"Kamanawa;Kamannaua;Katukina Panoan;Katukina do Jurua;Katukina do Juruá;Katukína Panoan;Katukína, Panoan;Waninnawa",2007-10-30
279,Chácobo,chac1251,Chácobo,cao,South America,-12.133,-66.7164,Pano-Tacanan,Mary Ritchie Key;Marian Prost,Mary Ritchie Key,,Phonemic,Chacobo,2007-10-30
280,Pacahuara,paca1246,Pacahuara,pcp,South America,-11.9968,-65.5568,Pano-Tacanan,Mary Ritchie Key,Mary Ritchie Key,Jeanne East;Guy East,Phonemic,Pacawara,2007-10-30
281,Shipibo-Conibo,ship1254,Shipibo-Conibo,shp,South America,-7.17105,-74.8219,Pano-Tacanan,Mary Ritchie Key,Mary Ritchie Key,,Phonemic,Shipibo Conibo;Shipibo Konibo;Shipibo-Konibo,2007-10-30
282,Yaminahua,yami1256,Yaminahua,yaa,South America,-9.8846,-71.5964,Pano-Tacanan,Ivagene Shive,Mary Ritchie Key,,Phonemic,Jaminawá;Yamanawa;Yaminawa;Yuminahua,2007-10-30
283,Cayuvava,cayu1262,Cayubaba,cyb,South America,-13.2482,-65.4822,Cayubaba,Mary Ritchie Key,Mary Ritchie Key,,Phonemic,Cayubaba;Cayuwaba,2007-10-30
284,Itonama,iton1250,Itonama,ito,South America,-12.80431,-64.35748,Itonama,Mary Ritchie Key,Mary Ritchie Key,,Phonemic,Machoto;Saramo,2007-10-30
285,Movima,movi1243,Movima,mzp,South America,-13.8115,-65.6348,Movima,Robert A. Judy,Mary Ritchie Key,,Phonemic,,2007-10-30
286,Pacaas Novos,wari1268,Wari',pav,South America,-10.69948,-64.56152,Chapacuran,Misión Nuevas Tribus,Mary Ritchie Key,,Phonemic,Jaru;Oro Wari;Pacaas-Novos;Pacahanovo;Pakaanova;Pakaanovas;Pakaasnovos;Pakaásnovos;Uomo;Wari;Wari',2007-10-30
287,Mundurukú,mund1330,Mundurukú,myu,South America,-8.41095,-57.691,Tupian,Mary Ritchie Key,Mary Ritchie Key,,Phonemic,Caras-Pretas;Monjoroku;Mundurucu;Mundurucú;Munduruku;Paiquize;Pari;Weidyenye,2007-10-30
288,Aché,ache1246,Aché,guq,South America,-25.5865,-56.4697,Tupian,Claudia J. Heckart;Kim Hill,Mary Ritchie Key,,Phonemic,Ache;Axe;Guayaki-Ache,2007-10-30
289,Chiriguano,east2555,Eastern Bolivian Guaraní,gui,South America,-20.42,-63.37,Tupian,Wolf Dietrich,Mary Ritchie Key,,Phonemic,"Guarani Eastern Bolivian;Guarani, Eastern Bolivian;Guaraní, Eastern Bolivian",2007-10-30
290,Guaraní,para1311,Paraguayan Guaraní,gug,South America,-25.60551,-57.08816,Tupian,Celsa Dávalos de Céspedes;Natalia Krivoshein de Canese,Mary Ritchie Key,,Phonemic,"Avane'e;Avañe'e;Guarani;Guarani Paraguayan;Guaraní Paraguayan;Guaraní, Paraguayan",2007-10-30
291,Sirionó,siri1273,Sirionó,srq,South America,-15.5298,-63.9688,Tupian,Mary Ritchie Key,Mary Ritchie Key,,Phonemic,Mbia Chee;Mbya;Siriono,2007-10-30
292,Wayampi,waya1270,Wayampi,oym,South America,1.73817,-52.6887,Tupian,Françoise Grenand;Raymond Alasuka,Mary Ritchie Key,,Phonemic,Oiampí;Oiumpian;Oyampí;Oyapí;Wajapi;Wayapi;Wayãpi,2007-10-30
293,Canela,cane1242,Canela-Krahô,ram,South America,-6.10712,-45.1299,Nuclear-Macro-Je,Mary Ritchie Key,Mary Ritchie Key,,Phonemic,Kanela,2007-10-30
294,Kaingáng,kain1272,Kaingang,kgp,South America,-27.7671,-52.5394,Nuclear-Macro-Je,Mary Ritchie Key,Mary Ritchie Key,Ursula Wiesemann,Phonemic,Bugre;Caingang;Coroado;Coroados;Kaingang,2007-10-30
295,Karajá,kara1500,Karajá,kpj,South America,-11.1881,-50.3492,Nuclear-Macro-Je,Mary Ritchie Key,Mary Ritchie Key,,Phonemic,Chamboa;Karaja;Xambioá;Yna;Ynã,2007-10-30
296,Trumai,trum1247,Trumai,tpy,South America,-11.8119,-53.5717,Trumai,Aurore Monod-Becquelin,Mary Ritchie Key,,Phonemic,Trumaí,2007-10-30
297,Ayoreo,ayor1240,Ayoreo,ayo,South America,-19.220055,-60.217495,Zamucoan,Janet R. Briggs,Mary Ritchie Key,,Phonemic,Ayore;Ayoré;Moro;Morotoco;Pyeta Yovai,2007-10-30
298,Sanapaná (Angaité dialect),anga1316,Angaité,sap,South America,-22.85,-58.45,Lengua-Mascoy,Ruth Sammons,Mary Ritchie Key,,Phonemic,Sanapana Dialect Angaite;Sanapaná Dialect Angaité,2007-10-30
299,Sanapaná (Enlhet dialect),sana1298,Sanapaná,sap,South America,-22.49,-58.38,Lengua-Mascoy,Ernesto Unruh;Hannes Kalisch,Mary Ritchie Key,,Phonemic,Sanapana;Sanapaná Dialect Enlhet;Sanapaná Dialect Enlit,2007-10-30
300,Lengua,leng1262,Lengua,leg,South America,-22.6559,-58.9053,Lengua-Mascoy,Elizabeth Richards;Timothy Curtis,Mary Ritchie Key,,Phonemic,Enxet,2007-10-31
301,Mocoví,moco1246,Mocoví,moc,South America,-28.097,-60.4145,Guaicuruan,Albert S. Buckwalter;Roberto Ruiz,Mary Ritchie Key,,Phonemic,Mbocobí;Mocobi;Mocobí;Mocovi,2007-10-31
302,Pilagá,pila1245,Pilagá,plg,South America,-25.0058,-60.1537,Guaicuruan,Albert S. Buckwalter;Julio Suárez,Mary Ritchie Key,,Phonemic,Pilaca;Pilaga,2007-10-31
304,Chorote,iyoj1235,Iyojwa'ja Chorote,crt,South America,-22.1896,-63.2383,Matacoan,Ana Gerzenstein,Mary Ritchie Key,,Phonemic,"Chorote, Iyojwa'ja;Choroti;Eklenjuy;Yofuaha",2007-10-31
305,Maca,maca1260,Maca,mca,South America,-25.0119,-57.3694,Matacoan,Ana Gerzenstein,Mary Ritchie Key,,Phonemic,Enimaca;Enimaga;Macá;Mak'á;Maka;Maká;Towolhi,2007-10-31
306,Wichí,wich1264,Wichí Lhamtés Güisnay,mzh,South America,-23.1633,-62.1757,Matacoan,José A. Braunstein,Mary Ritchie Key,,Phonemic,Mataco;Pilcomayo;Wichi;Wichi Lhamtes Güisnay;Wichí Lhamtés Güisnay,2007-10-31
307,Nivaclé,niva1238,Nivaclé,cag,South America,-22.8557,-61.7606,Matacoan,Nélida N. Stell;José Seelwische,Mary Ritchie Key,,Phonemic,Ashlushlay;Axluslay;Chulupi;Chulupí;Churupi;Churupí;Nivacle;Nivakle;Nivaklé;Niwakle;Niwaklé,2007-10-31
308,Kunza,kunz1244,Kunza,kuz,South America,-23.0,-69.0,Kunza,Roberto Lehnert Santander,Mary Ritchie Key,,Phonemic,Atacameno;Atacameño;Cunza;Likanantaí;Lipe;Ulipe,2007-10-31
309,Mapudungun,mapu1245,Mapudungun,arn,South America,-38.7392,-71.277,Araucanian,María Catrileo;Ana V. Fernández Garay (Ranquel);Mary Ritchie Key,,,Phonemic,Mapuche,2007-10-31
310,Tehuelche,tehu1242,Tehuelche,teh,South America,-47.5796,-68.3235,Chonan,Martine Delahaye,Mary Ritchie Key,,Phonemic,Aoniken;Gunua-Kena;Gununa-Kena;Gununa-Kune;Gününa-Küne;Inaquen,2007-10-31
311,Selknam,onaa1245,Selk'nam,ona,South America,-54.0,-68.5,Chonan,Elena L. Najlis,Mary Ritchie Key,,Phonemic,Aona;Ona;Shelknam,2007-10-31
312,Gününa Küne,puel1244,Puelche,pue,South America,-42.223,-68.666,Puelche,Rodolfo M. Casamiquela;José Pedro Viegas Barros,Mary Ritchie Key,Elena Najlis,Phonemic,Gennaken;Gununa Kune;Northern Tehuelche;Pampa;Puelche,2007-10-31
313,Qawasqar,qawa1238,Qawasqar,alc,South America,-49.303195,-74.707536,Kawesqar,Christos Clairis;José Pedro Viegas Barros,Mary Ritchie Key,,Phonemic,Alacaluf;Alacalufe;Halakwulup;Kaweskar;Kawesqar,2007-10-31
314,Toba,toba1269,Toba,tob,South America,-23.77,-61.96,Guaicuruan,Albert S. Buckwalter;Orlando Sánchez,Mary Ritchie Key,,Phonemic,Chaco Sur;Qom;Toba Qom;Toba Sur,2007-10-31
315,Yagán,yama1264,Yámana,yag,South America,-55.2748,-68.2648,Yámana,Ana María Guerra Eissmann,Mary Ritchie Key,,Phonemic,Hausi Kuta;Háusi Kúta;Jagan;Tequenica;Yagan;Yaghan;Yahgan;Yamana;Yámana,2007-10-31
316,Andi (Muni dialect),muni1255,Munin,ani,Eurasia,,,Nakh-Daghestanian,Madzhid Khalilov,Stefan Lange,,CyrillTrans;Phonemic,Andi;Andii;Andiy;Dialect;Muni;Munin;Qwannab,2014-01-24
317,Chechen (Akkin dialect),chec1245,Chechen,che,Eurasia,43.5,45.5,Nakh-Daghestanian,Madzhid Khalilov,Stefan Lange,,CyrillTrans;Phonemic,Akkin;Aux;Chechen;Dialect;Galancho;Muott;Nokchiin;Nokhchiin,2014-01-25
318,Uncunwee,ghul1238,Uncunwee,ghl,Africa,11.6432,29.8122,Nubian,Robert Williams,Robert Williams,,IPA,Ghulfan;Gulfan;Hill;Nubian;Nubian (Hill);Wunci;Wuncimbe,2012-09-25
319,Ossetic,iron1242,Iron Ossetian,oss,Eurasia,42.98,44.61,Indo-European,Madzhid Khalilov,,,CyrillTrans,Osetin;Ossete;Ossetian;Ирон æвзаг,2015-01-22
320,Avar (Araderikh dialect),avar1256,Avar,ava,Eurasia,41.7047,46.558,Nakh-Daghestanian,Madzhid Khalilov,,,CyrillTrans,,2015-01-22
321,Avar (Khunzakh dialect),kunz1243,Kunzakh,ava,Eurasia,,,Nakh-Daghestanian,Madzhid Khalilov,,,CyrillTrans,,2015-01-22
322,Avar (East Gergebil dialect),avar1256,Avar,ava,Eurasia,41.7047,46.558,Nakh-Daghestanian,Madzhid Khalilov,,,CyrillTrans,,2015-01-27
323,Avar (Ansalta dialect),avar1256,Avar,ava,Eurasia,41.7047,46.558,Nakh-Daghestanian,Madzhid Khalilov,,,CyrillTrans,,2015-01-27
324,Avar (Salatav dialect),sala1265,Salatav,ava,Eurasia,,,Nakh-Daghestanian,Madzhid Khalilov,,,CyrillTrans,,2015-01-27
325,Khwarshi (Kwantlada dialect),khva1239,Khwarshi-Inkhoqwari,khv,Eurasia,42.2743,45.9977,Nakh-Daghestanian,Madzhid Khalilov,,,CyrillTrans,,2015-01-27
401,Central Thai,thai1261,Thai,tha,Eurasia,14.192,100.671,Tai-Kadai,Ilya Peiros,,,Phonemic,Central-Thai,2013-09-11
402,Southern Tai (Songkhla variety),sout2746,Southern Thai,sou,Eurasia,6.85668,99.7031,Tai-Kadai,Ilya Peiros,,,Phonemic,Southern Tai of Songkhla,2013-09-11
403,Thai (Korat variety),sout2746,Southern Thai,sou,Eurasia,6.85668,99.7031,Tai-Kadai,Ilya Peiros,,,Phonemic,Thai (Dialect Korat),2013-09-11
404,Khamuang (Chiang Mai variety),nort2740,Northern Thai,nod,Eurasia,18.857495,100.20739,Tai-Kadai,Ilya Peiros,,,Phonemic,Khamuang of Chiang Mai,2013-09-11
405,Dehong,tain1252,Tai Nüa,tdd,Eurasia,21.7837,99.722,Tai-Kadai,Ilya Peiros,,,Phonemic,,2013-09-11
406,Jinsha Dai,nort1545,Northern Guiyang Hmong,huj,Eurasia,26.7238,106.682,Hmong-Mien,Ilya Peiros,,,,,2013-09-11
407,Tai Lü,luuu1242,Lü,khb,Eurasia,21.0321,101.282,Tai-Kadai,Ilya Peiros,,,Phonemic,Tai Lue,2013-09-11
408,Tai Khün,khun1259,Khün,kkh,Eurasia,19.6062,99.3363,Tai-Kadai,Ilya Peiros,,,Phonemic,Tai Khuen,2013-09-11
409,Shan,shan1277,Shan,shn,Eurasia,21.5995,98.0342,Tai-Kadai,Ilya Peiros,,,Phonemic,,2013-09-11
410,Shan (Northern Shan dialect),shan1277,Shan,shn,Eurasia,21.5995,98.0342,Tai-Kadai,Ilya Peiros,,,Phonemic,Shan (Dialect Northern Shan),2013-09-11
411,Nung-Fengshan,guib1244,Guibian Zhuang,zgn,Eurasia,24.3,106.2,Tai-Kadai,Ilya Peiros,,,Phonemic,,2013-09-11
412,Nung-Lazhai,guib1244,Guibian Zhuang,zgn,Eurasia,24.3,106.2,Tai-Kadai,Ilya Peiros,,,Phonemic,,2013-09-11
413,Nung-Ninbei,nung1283,Nung (Viet Nam),nut,Eurasia,20.8965,104.286,Tai-Kadai,Ilya Peiros,,,Phonemic,,2013-09-11
414,Zhuang-Longzhou,zuoj1238,Zuojiang Zhuang,zzj,Eurasia,22.4,106.9,Tai-Kadai,Ilya Peiros,,,Phonemic,,2013-09-11
415,Sui,suii1243,Sui,swi,Eurasia,24.0488,106.563,Tai-Kadai,Ilya Peiros,,,Phonemic,,2013-09-11
416,Maonan,maon1241,Maonan,mmd,Eurasia,25.0169,108.024,Tai-Kadai,Ilya Peiros,,,,,2013-09-11
417,Mulam,mula1253,Mulam,mlm,Eurasia,24.8151,108.928,Tai-Kadai,Ilya Peiros,,,,,2013-09-11
418,Chadong,chad1240,Chadong,cdy,Eurasia,25.23532,109.96041,Tai-Kadai,Ilya Peiros,,,,,2013-09-11
419,Southern Kam,sout2741,Southern Dong,kmc,Eurasia,25.8874,109.222,Tai-Kadai,Ilya Peiros,,,,,2013-09-11
420,Lakkia,lakk1238,Lakkia,lbc,Eurasia,24.1169,110.106,Tai-Kadai,Ilya Peiros,,,Phonemic,,2013-09-11
421,Hlai (Baoting variety),hlai1239,Hlai,lic,Eurasia,18.8062,109.459,Tai-Kadai,Ilya Peiros,,,Phonemic,Li of Baoding,2013-09-11
422,Langja Buyang,emab1235,E'ma Buyang,yzg,Eurasia,23.604572,106.030277,Tai-Kadai,Ilya Peiros,,,Phonemic,,2013-09-11
423,Ecun Buyang,lang1316,Langnian Buyang,yln,Eurasia,23.550258,106.016896,Tai-Kadai,Ilya Peiros,,,Phonemic,,2013-09-11
424,Sanchong Kelao,gree1278,Hagei Gelao,giq,Eurasia,22.5632,104.698,Tai-Kadai,Ilya Peiros,,,Phonemic,,2013-09-11
425,Qau Kelao,qaua1234,Central Gelao-Qau,gqu,Eurasia,26.155438,106.16455,Tai-Kadai,Ilya Peiros,,,Phonemic,,2013-09-11
500,Aghul (Koshan dialect),kosh1245,Koshan,agx,Eurasia,,,Nakh-Daghestanian,Madzhid Khalilov,,,CyrillTrans;Phonemic,Aghul (Q'ushan);Agul (Koshan);Agul (Q'ushan),2014-01-23
501,Botlikh (Miarso dialect),botl1242,Botlikh,bph,Eurasia,42.665,46.22,Nakh-Daghestanian,Madzhid Khalilov,,,CyrillTrans;Phonemic,,2014-01-24
502,Chamalal (Gigatli dialect),giga1238,Gigatl,cji,Eurasia,,,Nakh-Daghestanian,Madzhid Khalilov,,,CyrillTrans;Phonemic,,2014-01-25
503,Dargwa (Chirag dialect),chir1284,Chirag,dar,Eurasia,41.869481,47.41111,Nakh-Daghestanian,Madzhid Khalilov,,,CyrillTrans;Phonemic,,2014-01-25
504,Dargwa (Gapshima Shukti dialect),darg1241,North-Central Dargwa,dar,Eurasia,42.4257,47.4388,Nakh-Daghestanian,Madzhid Khalilov,,,CyrillTrans;Phonemic,,2014-01-25
505,Dargwa (Gapshima dialect),darg1241,North-Central Dargwa,dar,Eurasia,42.4257,47.4388,Nakh-Daghestanian,Madzhid Khalilov,,,CyrillTrans;Phonemic,,2014-01-25
506,Dargwa (Gubden dialect),darg1241,North-Central Dargwa,dar,Eurasia,42.4257,47.4388,Nakh-Daghestanian,Madzhid Khalilov,,,CyrillTrans;Phonemic,,2014-01-25
507,Dargwa (Kadar dialect),darg1241,North-Central Dargwa,dar,Eurasia,42.4257,47.4388,Nakh-Daghestanian,Madzhid Khalilov,,,CyrillTrans;Phonemic,,2014-01-25
508,Dargwa (Megeb dialect),darg1241,North-Central Dargwa,dar,Eurasia,42.4257,47.4388,Nakh-Daghestanian,Madzhid Khalilov,,,CyrillTrans;Phonemic,,2014-01-25
509,Dargwa (Mekegi dialect),darg1241,North-Central Dargwa,dar,Eurasia,42.4257,47.4388,Nakh-Daghestanian,Madzhid Khalilov,,,CyrillTrans;Phonemic,,2014-01-25
510,Dargwa (Mugi dialect),darg1241,North-Central Dargwa,dar,Eurasia,42.4257,47.4388,Nakh-Daghestanian,Madzhid Khalilov,,,CyrillTrans;Phonemic,,2014-01-25
511,Dargwa (Sirkhi dialect),darg1241,North-Central Dargwa,dar,Eurasia,42.4257,47.4388,Nakh-Daghestanian,Madzhid Khalilov,,,CyrillTrans;Phonemic,,2014-01-25
512,"Dargwa (Tsudakhar dialect, Tanty subdialect)",cuda1238,Cudaxar,dar,Eurasia,,,Nakh-Daghestanian,Madzhid Khalilov,,,CyrillTrans;Phonemic,,2014-01-25
513,Dargwa (Tsudakhar dialect),cuda1238,Cudaxar,dar,Eurasia,,,Nakh-Daghestanian,Madzhid Khalilov,,,CyrillTrans;Phonemic,,2014-01-25
514,Dargwa (Urakhi dialect),urax1238,Uraxa,dar,Eurasia,,,Nakh-Daghestanian,Madzhid Khalilov,,,CyrillTrans;Phonemic,,2014-01-25
515,Dargwa (Usisha dialect),darg1241,North-Central Dargwa,dar,Eurasia,42.4257,47.4388,Nakh-Daghestanian,Madzhid Khalilov,,,CyrillTrans;Phonemic,,2014-01-25
516,Ingush,ingu1240,Ingush,inh,Eurasia,43.11,45.03,Nakh-Daghestanian,Madzhid Khalilov,,,CyrillTrans;Phonemic,,2014-01-26
517,Bezhta (Khasharkhota dialect),khoc1238,Khocharkhotin,kap,Eurasia,,,Nakh-Daghestanian,Madzhid Khalilov,,,CyrillTrans;Phonemic,,2014-01-24
518,Kryz,kryt1240,Kryz,kry,Eurasia,41.1811,48.1846,Nakh-Daghestanian,Madzhid Khalilov,,,CyrillTrans;Phonemic,,2014-01-26
519,Kumyk (Dorgeli dialect),kumy1244,Kumyk,kum,Eurasia,43.0,47.0,Turkic,Madzhid Khalilov,,,CyrillTrans;Phonemic,,2014-01-26
520,Kumyk (Kajtak Tumenler dialect),kumy1244,Kumyk,kum,Eurasia,43.0,47.0,Turkic,Madzhid Khalilov,,,CyrillTrans;Phonemic,,2014-01-26
521,Kumyk (Kajtak dialect),kumy1244,Kumyk,kum,Eurasia,43.0,47.0,Turkic,Madzhid Khalilov,,,CyrillTrans;Phonemic,,2014-01-26
522,Kumyk (Karabudakhkent dialect),kumy1244,Kumyk,kum,Eurasia,43.0,47.0,Turkic,Madzhid Khalilov,,,CyrillTrans;Phonemic,,2014-01-26
523,Kumyk (Ter Bragun dialect),kumy1244,Kumyk,kum,Eurasia,43.0,47.0,Turkic,Madzhid Khalilov,,,CyrillTrans;Phonemic,,2014-01-26
524,Lak (Arakul dialect),lakk1252,Lak,lbe,Eurasia,42.1328,47.0809,Nakh-Daghestanian,Madzhid Khalilov,,,CyrillTrans;Phonemic,,2014-01-26
525,Lak (Balkhar dialect),lakk1252,Lak,lbe,Eurasia,42.1328,47.0809,Nakh-Daghestanian,Madzhid Khalilov,,,CyrillTrans;Phonemic,,2014-01-26
526,Lak (Shali dialect),lakk1252,Lak,lbe,Eurasia,42.1328,47.0809,Nakh-Daghestanian,Madzhid Khalilov,,,CyrillTrans;Phonemic,,2014-01-26
527,Rutul (Borchino Khnow dialect),rutu1240,Rutul,rut,Eurasia,41.6187,47.3244,Nakh-Daghestanian,Madzhid Khalilov,,,CyrillTrans;Phonemic,,2014-01-26
528,Rutul (Ikhrek dialect),ixre1238,Ixreko-Muxrek,rut,Eurasia,,,Nakh-Daghestanian,Madzhid Khalilov,,,CyrillTrans;Phonemic,,2014-01-26
529,Rutul (Mukhrek) dialect,ixre1238,Ixreko-Muxrek,rut,Eurasia,,,Nakh-Daghestanian,Madzhid Khalilov,,,CyrillTrans;Phonemic,,2014-01-26
530,Rutul (Shinaz dialect),shin1265,Shina (Nakh-Daghestan),rut,Eurasia,,,Nakh-Daghestanian,Madzhid Khalilov,,,CyrillTrans;Phonemic,,2014-01-26
531,"Bezhta (Tlyadal dialect, Karauzek subdialect)",tlya1238,Tlyadaly,kap,Eurasia,,,Nakh-Daghestanian,Madzhid Khalilov,,,CyrillTrans;Phonemic,,2014-01-26
532,Tsakhur (Gelmets dialect),tsak1249,Tsakhur,tkr,Eurasia,41.5916,46.8858,Nakh-Daghestanian,Madzhid Khalilov,,,CyrillTrans;Phonemic,,2014-01-26
533,Tsova-Tush,bats1242,Bats,bbl,Eurasia,42.1806,45.344,Nakh-Daghestanian,Madzhid Khalilov,,,CyrillTrans;Phonemic,,2014-01-26
534,Archi (variety 2),arch1244,Archi,aqc,Eurasia,42.3239,46.8267,Nakh-Daghestanian,Madzhid Khalilov,Stefan Lange,,CyrillTrans;Phonemic,,2014-01-24
701,Bengali,beng1280,Bengali,ben,Eurasia,24.0,90.0,Indo-European,Anju Saxena,Anju Saxena;Mohini Pimpalkhare,,Phonemic;Standard,,2015-04-01
702,Hindi,hind1269,Hindi,hin,Eurasia,25.0,77.0,Indo-European,Anju Saxena,Anju Saxena;Mohini Pimpalkhare,,Phonemic;Standard,,2015-04-01
703,Khasi,khas1269,Khasi,kha,Eurasia,24.977,91.9998,Austroasiatic,Anju Saxena;Marantha T. Wahlang,Marantha T. Wahlang;Muhammad Rafiq,,,,2015-04-01
704,Mahasu Pahari (Kotghari dialect),maha1287,Mahasu Pahari,bfz,Eurasia,31.0088,77.5317,Indo-European,Anju Saxena,David Karlander,,Phonemic,Kotgarhi;Kotgurui;Mahasu Pahari;Shodochi;Sodochi,2015-04-01
705,Marathi,mara1378,Marathi,mar,Eurasia,17.9344,76.6665,Indo-European,Anju Saxena,Mohini Pimpalkhare,,Phonemic;Standard,,2015-04-01
706,Nepali,east1436,Eastern Pahari,nep,Eurasia,27.5947033333,87.6200833333,Indo-European,Anju Saxena,Anju Saxena,,Phonemic,,2015-04-01
707,Punjabi,west2386,Western Panjabi,pnb,Eurasia,30.0948,75.3474,Indo-European,Anju Saxena,Mohini Pimpalkhare,,Phonemic,,2015-04-01
708,Tamil,tami1289,Tamil,tam,Eurasia,10.520219,78.825989,Dravidian,Anju Saxena,Mohamed Hashim,,Phonemic,,2015-04-01
709,Telugu,telu1262,Telugu,tel,Eurasia,16.4529,78.7024,Dravidian,Anju Saxena,David Karlander;Anju Saxena;K. Taraka Rama,,Phonemic,,2015-04-01
710,Tibetan,tibe1272,Tibetan,bod,Eurasia,28.3681,90.1872,Sino-Tibetan,Anju Saxena,David Karlander,,Phonemic,,2015-04-01
800,Kme-2 (Kemie variety),manm1238,Man Met,,Eurasia,22.0743,100.842,Austroasiatic,Ilya Peiros,,,phonetic,,2016-01-31
801,Bulang,blan1242,Blang,,Eurasia,22.0092,99.7405,Austroasiatic,Ilya Peiros,,,phonetic,,2016-01-31
802,Bulang-2,blan1242,Blang,,Eurasia,22.0092,99.7405,Austroasiatic,Ilya Peiros,,,phonetic,,2016-01-31
803,Bulang-3,blan1242,Blang,,Eurasia,22.0092,99.7405,Austroasiatic,Ilya Peiros,,,phonetic,,2016-01-31
804,Keme (Kemie variety),manm1238,Man Met,,Eurasia,22.0743,100.842,Austroasiatic,Ilya Peiros,,,phonetic,,2016-01-31
805,Xu,huuu1240,Hu,,Eurasia,22.0163,100.881,Austroasiatic,Ilya Peiros,,,phonetic,,2016-01-31
806,Mang'an B. (MNN),,,,,,,,Ilya Peiros,,,phonetic,,2016-01-31
807,Wa,nucl1290,Zhenkang Wa,,Eurasia,23.1024,99.108,Austroasiatic,Ilya Peiros,,,phonetic,,2016-01-31
808,Rumai,ruma1248,Rumai Palaung,,Eurasia,23.6404,97.3172,Austroasiatic,Ilya Peiros,,,phonetic,,2016-01-31
809,Prai,phai1238,Prai,,Eurasia,19.0383,101.218,Austroasiatic,Ilya Peiros,,,phonetic,,2016-01-31
810,Pusing,bitt1240,Bit,,Eurasia,21.3474,101.916,Austroasiatic,Ilya Peiros,,,phonetic,,2016-01-31
811,Paliu,boly1239,Bolyu,,Eurasia,24.7013,104.955,Austroasiatic,Ilya Peiros,,,phonetic,,2016-01-31
812,PLW (a Palaung variety),pala1336,Palaung,,,,,Austroasiatic,Ilya Peiros,,,phonetic,,2016-01-31
813,DEA (a Palaung variety),pala1336,Palaung,,,,,Austroasiatic,Ilya Peiros,,,phonetic,,2016-01-31
814,Mlabri,mlab1235,Mlabri,,Eurasia,18.5533,101.163,Austroasiatic,Ilya Peiros,,,phonetic,,2016-01-31
815,Cuoi,cuoi1242,Cuoi,,,,,Austroasiatic,Ilya Peiros,,,phonetic,,2016-01-31
816,Vietnamese,viet1252,Vietnamese,,Eurasia,20.681188,105.774071,Austroasiatic,Ilya Peiros,,,phonetic,,2016-01-31
817,Hanoi Vn,nort2683,Northern Vietnamese,,Eurasia,,,Austroasiatic,Ilya Peiros,,,phonetic,,2016-01-31
818,Tho Mun (THM),,,,,,,,Ilya Peiros,,,phonetic,,2016-01-31
819,LiHa,cuoi1242,Cuoi,,,,,Austroasiatic,Ilya Peiros,,,phonetic,,2016-01-31
820,Phong,phon1246,Phong-Kniang,,Eurasia,19.9622,104.088,Austroasiatic,Ilya Peiros,,,phonetic,,2016-01-31
821,TUL,,,,,,,,Ilya Peiros,,,phonetic,,2016-01-31
822,Tum,cuoi1242,Cuoi,,,,,Austroasiatic,Ilya Peiros,,,phonetic,,2016-01-31
823,Chut (Ruc variety),rucc1239,Ruc,,Eurasia,17.68293,105.7841,Austroasiatic,Ilya Peiros,,,phonetic,,2016-01-31
824,Phu Tho M (PHU),,,,,,,,Ilya Peiros,,,phonetic,,2016-01-31
825,Kha Poong,khap1242,Kha Phong,,Eurasia,18.25,105.0,Austroasiatic,Ilya Peiros,,,phonetic,,2016-01-31
826,Malieng,mali1278,Malieng,,Eurasia,,,Austroasiatic,Ilya Peiros,,,phonetic,,2016-01-31
827,Ahlao (Thavung),aheu1239,Thavung,thm,Eurasia,17.7655,104.229,Austroasiatic,Ilya Peiros,,,phonetic,,2016-01-31
828,Thavung So,aheu1239,Thavung,,Eurasia,17.7655,104.229,Austroasiatic,Ilya Peiros,,,phonetic,,2016-01-31
829,Nyakur,nyah1250,Nyahkur,,Eurasia,15.8909,101.515,Austroasiatic,Ilya Peiros,,,phonetic,,2016-01-31
830,Pear,pear1247,Pear,,Eurasia,13.593,105.028,Austroasiatic,Ilya Peiros,,,phonetic,,2016-01-31
831,SAN,,,,,,,,Ilya Peiros,,,phonetic,,2016-01-31
832,Kasong,suoy1242,Suoy,,Eurasia,11.936,104.136,Austroasiatic,Ilya Peiros,,,phonetic,,2016-01-31
833,Samre,somr1240,Somray of Battambang-Somre of Siem Reap,,Eurasia,12.243,103.139,Austroasiatic,Ilya Peiros,,,phonetic,,2016-01-31
834,Chong,chon1284,Chong of Chanthaburi,,Eurasia,12.5218,102.514,Austroasiatic,Ilya Peiros,,,phonetic,,2016-01-31
835,KNB (a Pearic variety),west2394,Western Pearic,,,,,Austroasiatic,Ilya Peiros,,,phonetic,,2016-01-31
836,Surin Khmer,suri1265,Surin,,Eurasia,,,Austroasiatic,Ilya Peiros,,,phonetic,,2016-01-31
837,CHNG (a Pearic variety),west2394,Western Pearic,,,,,Austroasiatic,Ilya Peiros,,,phonetic,,2016-01-31
838,Iduh,oduu1239,O'du,,Eurasia,19.3497,104.106,Austroasiatic,Ilya Peiros,,,phonetic,,2016-01-31
839,Mang Ch,mang1378,Mang,,Eurasia,21.4305,102.133,Austroasiatic,Ilya Peiros,,,phonetic,,2016-01-31
840,Mang VN,mang1378,Mang,,Eurasia,21.4305,102.133,Austroasiatic,Ilya Peiros,,,phonetic,,2016-01-31
